-- phpMyAdmin SQL Dump
-- version 5.2.1
-- https://www.phpmyadmin.net/
--
-- 主機： mysql
-- 產生時間： 2023 年 12 月 12 日 10:34
-- 伺服器版本： 8.2.0
-- PHP 版本： 8.2.8

SET SQL_MODE = "NO_AUTO_VALUE_ON_ZERO";
START TRANSACTION;
SET time_zone = "+00:00";


/*!40101 SET @OLD_CHARACTER_SET_CLIENT=@@CHARACTER_SET_CLIENT */;
/*!40101 SET @OLD_CHARACTER_SET_RESULTS=@@CHARACTER_SET_RESULTS */;
/*!40101 SET @OLD_COLLATION_CONNECTION=@@COLLATION_CONNECTION */;
/*!40101 SET NAMES utf8mb4 */;

--
-- 資料庫： `restapi`
--

-- --------------------------------------------------------

--
-- 資料表結構 `correct`
--

CREATE TABLE `correct` (
  `id` int NOT NULL,
  `Qnid` int DEFAULT NULL,
  `Qid` int DEFAULT NULL,
  `Oid` int DEFAULT NULL
) ENGINE=InnoDB DEFAULT CHARSET=utf32;

--
-- 傾印資料表的資料 `correct`
--

INSERT INTO `correct` (`id`, `Qnid`, `Qid`, `Oid`) VALUES
(1, 1, 1, 1),
(2, 1, 2, 1),
(3, 1, 3, 1),
(4, 1, 4, 2),
(5, 1, 5, 1),
(6, 1, 6, 4),
(7, 1, 7, 9),
(8, 1, 8, 14),
(9, 1, 9, 17),
(10, 1, 10, 20),
(11, 1, 11, 26),
(12, 1, 12, 29),
(13, 1, 13, 33),
(14, 1, 14, 36),
(15, 1, 15, 1),
(16, 1, 16, 40),
(17, 1, 17, 45),
(18, 1, 18, 48),
(19, 1, 19, 52),
(20, 1, 20, 56),
(21, 2, 61, 1),
(22, 2, 62, 61),
(23, 2, 63, 65),
(24, 2, 64, 68),
(25, 2, 65, 72),
(26, 2, 66, 78),
(27, 2, 67, 79),
(28, 2, 68, 83),
(29, 2, 69, 88),
(30, 2, 70, 94),
(31, 2, 71, 95),
(32, 2, 72, 101),
(33, 2, 73, 106),
(34, 2, 74, 108),
(35, 2, 75, 112),
(36, 2, 76, 118),
(37, 2, 77, 122),
(38, 2, 78, 124),
(39, 2, 79, 127),
(40, 2, 80, 129);

-- --------------------------------------------------------

--
-- 資料表結構 `news`
--

CREATE TABLE `news` (
  `id` int NOT NULL,
  `Uid` int DEFAULT NULL,
  `Q1` varchar(500) CHARACTER SET utf8mb4 COLLATE utf8mb4_general_ci DEFAULT NULL,
  `Q2` varchar(500) CHARACTER SET utf8mb4 COLLATE utf8mb4_general_ci DEFAULT NULL,
  `Q3` varchar(500) CHARACTER SET utf8mb4 COLLATE utf8mb4_general_ci DEFAULT NULL,
  `Q4` varchar(500) CHARACTER SET utf8mb4 COLLATE utf8mb4_general_ci DEFAULT NULL
) ENGINE=InnoDB DEFAULT CHARSET=utf8mb4 COLLATE=utf8mb4_general_ci;

--
-- 傾印資料表的資料 `news`
--

INSERT INTO `news` (`id`, `Uid`, `Q1`, `Q2`, `Q3`, `Q4`) VALUES
(1, 1, 'string', 'string', 'string', 'string');

-- --------------------------------------------------------

--
-- 資料表結構 `options`
--

CREATE TABLE `options` (
  `Oid` int NOT NULL,
  `option` varchar(100) CHARACTER SET utf8mb4 COLLATE utf8mb4_general_ci DEFAULT NULL
) ENGINE=InnoDB DEFAULT CHARSET=utf8mb4 COLLATE=utf8mb4_general_ci;

--
-- 傾印資料表的資料 `options`
--

INSERT INTO `options` (`Oid`, `option`) VALUES
(1, '是'),
(2, '否'),
(3, '僅包括心理健康'),
(4, '包括水源性疾病、食源性疾病、蟲媒傳染疾病等'),
(5, '僅包括腹瀉疾病'),
(6, '並未對健康產生影響'),
(7, '氣候變遷對經濟影響非常有利'),
(8, '氣候變遷僅對農業有經濟影響'),
(9, '氣候變遷對農業、林業、漁業、能源及旅遊業等產業有區域性影響'),
(10, '氣候變遷對經濟沒有任何影響'),
(11, '京都議定書'),
(12, '柏林授權'),
(13, '蒙特婁議定書'),
(14, '聯合國氣候變遷綱要公約'),
(15, '永續發展是只關注環境保護的概念。'),
(16, '永續發展強調經濟的繁榮和社會的和諧。'),
(17, '永續發展要求平衡生態、生活和生產的關係。'),
(18, '永續發展主要關注全球政治問題。'),
(19, '經濟、科學、政治'),
(20, '環境、社會、公司治理\r\n'),
(21, '技術、文化、倫理\r\n'),
(22, '教育、健康、科技'),
(23, '降低環境保護成本\r\n'),
(24, '優化資源使用\r\n'),
(25, '提高風險管理\r\n'),
(26, '所有選項都正確\r\n'),
(27, '因為它能確保高度盈利\r\n\r\n'),
(28, '因為它是法律要求的\r\n'),
(29, '因為它有助於應對氣候變遷和社會問題\r\n'),
(30, '因為它能降低企業成本'),
(31, '碳排放\r\n'),
(32, '國際協議\r\n\r\n'),
(33, '個人的環保生活方式改變\r\n'),
(34, '碳關稅'),
(35, '增加碳排放\r\n\r\n'),
(36, '減少碳排放\r\n'),
(37, '增加溫室氣體排放\r\n'),
(38, '不關心排放'),
(39, '降低稅收\r\n\r\n'),
(40, '激勵企業減少碳足跡\r\n'),
(41, '促進碳排放\r\n'),
(42, '不影響企業'),
(43, '增加碳排放\r\n\r\n'),
(44, '讓環境變得更糟\r\n'),
(45, '創造更可持續的明天\r\n'),
(46, '放棄環保'),
(47, '天氣的瞬時變化\r\n'),
(48, '長期氣候趨勢的改變\r\n'),
(49, '地球的自轉速度\r\n'),
(50, '太陽能的使用\r\n'),
(51, '太陽的輻射\r\n\r\n'),
(52, '溫室氣體\r\n'),
(53, '海洋變化\r\n'),
(54, '地球的自轉'),
(55, '因為它使地球變得更冷\r\n\r\n'),
(56, '因為它使地球變得更熱\r\n'),
(57, '因為它和溫室無關\r\n'),
(58, '因為它和花園有關'),
(59, '二氧化碳、甲烷'),
(60, '氧化亞氮、氧氣'),
(61, '二氧化碳、甲烷、氧化亞氮'),
(62, '二氧化碳、甲烷、氧化亞氮、氧氣'),
(63, '環境保護的唯一方式'),
(64, '高度盈利的保證'),
(65, '長期競爭力和可持續發展的關鍵因素'),
(66, '社會效益的主要来源'),
(67, '高度盈利的保證\r\n\r\n'),
(68, '需保護大氣、水 資源、土地資源、海洋及海岸濕地、生物多樣性等社會效益的主要来源\r\n'),
(69, '提升國家經濟的繁榮和社會績效。\r\n'),
(70, '永續發展主要關注全球政治問題。'),
(71, '產品碳足跡標籤上所標示的數值代表產品的二氧化碳（CO2）排放量。\r\n'),
(72, '減少碳足跡除了是企業的重要責任，我們則可以以每天開車替代大眾交通工具來減少碳足跡的排放。\r\n'),
(73, '廠商分析碳足跡可以瞭解該產品在各生命週期階段產生的溫室氣體，並採取減少碳足跡的措施，透過減碳方案的實施，也可能產生節能效益。\r\n'),
(74, '各國正在推動碳排放交易，企業可以善用碳足跡評估以爭取經濟和環保的雙贏機會。\r\n'),
(75, '在全世界消除一切形式的貧困。\r\n\r\n'),
(76, '提高自然環境的保護水準。\r\n'),
(77, '確保包容和公平的優質教育。\r\n'),
(78, '以上皆是。'),
(79, '化石燃料的使用\r\n\r\n'),
(80, '增加綠地覆蓋面積\r\n'),
(81, '建立污水處理廠\r\n'),
(82, '購買環保標章商品。'),
(83, '珊瑚白化\r\n\r\n'),
(84, '產生酸雨\r\n'),
(85, '產生煙霧\r\n'),
(86, '臭氧層稀薄。'),
(87, '產品無法回收\r\n\r\n'),
(88, '資源有限度的利用\r\n'),
(89, '資源浪費\r\n'),
(90, '能源過度使用。'),
(91, '數值大代表溫室氣體含量愈低\r\n\r\n'),
(92, '數值小代表溫室氣體含量愈高\r\n'),
(93, '代表通通是環保產品\r\n'),
(94, '可以瞭解並優先選購碳排放量較低的替代品。'),
(95, '鼓勵高耗能產品開發\r\n\r\n'),
(96, '加強教育宣導\r\n'),
(97, '碳權交易\r\n'),
(98, '個人生活型態的改變。'),
(99, '極端氣候增加\r\n\r\n'),
(100, '生物棲息地改變\r\n'),
(101, '糧食產量不受影響\r\n'),
(102, '病媒傳染特性改變。'),
(103, '極地冰原融化，海 平面上升，淹沒較低窪之沿海陸地，衝擊低地國及多數國家沿海精華區\r\n\r\n'),
(104, '全球氣候變遷，導致不正常暴雨及乾旱現象，衝擊水土資源、環境衛 生及人類生命等\r\n'),
(105, '沙漠化現象擴大，生態體系改變，衝擊農林漁牧、社 經活動及全球生存環境等\r\n'),
(106, '全球暖化及氣候變遷對位處熱帶或亞熱帶的 臺灣影響較小。'),
(107, '減少氣候變化的影響\r\n\r\n'),
(108, '保護或恢復30%的陸地\r\n'),
(109, '減少化石燃料的使用\r\n'),
(110, '增加海洋保護區的數量'),
(111, '網路安全和資料隱私\r\n'),
(112, '土地資源和水資源保護\r\n\r\n'),
(113, '增加公司的營業額\r\n'),
(114, '改善員工福利和工作條件'),
(115, '建議使用蠟作為包裝用途\r\n'),
(116, '不建議使用循環箱（袋）\r\n'),
(117, '使用深色顏料印刷\r\n'),
(118, '揭露碳足跡'),
(119, '50%\r\n\r\n'),
(120, '60%\r\n'),
(121, '90%\r\n'),
(122, '95%'),
(123, '減少政府的責任\r\n'),
(124, '呼籲政府、企業和個人更清楚該承擔塑膠垃圾管理的責任\r\n'),
(125, '增加塑膠垃圾的生產\r\n'),
(126, '推動塑膠用量增加'),
(127, '正確\r\n\r\n'),
(128, '錯誤'),
(129, '美國、韓國、印度、南非'),
(130, '中國、巴西、俄羅斯、澳大利亞\r\n\r\n'),
(131, '加拿大、德國、法國、英國\r\n'),
(132, '日本、墨西哥、加納、尼日利亞'),
(133, '男'),
(134, '女'),
(135, '大一'),
(136, '大二'),
(137, '大三'),
(138, '大四'),
(139, '碩一'),
(140, '碩二'),
(141, '經常'),
(142, '偶爾'),
(143, '從不'),
(144, '基本不符合'),
(145, '一般符合'),
(146, '比較符合'),
(147, '最符合'),
(148, '非常不同意'),
(149, '不同意'),
(150, '普通'),
(151, '同意'),
(152, '非常同意');

-- --------------------------------------------------------

--
-- 資料表結構 `qtype`
--

CREATE TABLE `qtype` (
  `id` int NOT NULL,
  `Qid` int DEFAULT NULL,
  `type` varchar(50) COLLATE utf8mb4_general_ci DEFAULT NULL,
  `class_name` varchar(50) COLLATE utf8mb4_general_ci DEFAULT NULL,
  `reversed` tinyint(1) DEFAULT NULL
) ENGINE=InnoDB DEFAULT CHARSET=utf8mb4 COLLATE=utf8mb4_general_ci;

--
-- 傾印資料表的資料 `qtype`
--

INSERT INTO `qtype` (`id`, `Qid`, `type`, `class_name`, `reversed`) VALUES
(1, 81, '個人資本資料', NULL, 0),
(2, 82, '個人資本資料', NULL, 0),
(3, 83, '個人資本資料', NULL, 0),
(4, 84, '個人資本資料', NULL, 0),
(5, 85, '個人資本資料', NULL, 0),
(6, 86, '個人資本資料', NULL, 0),
(7, 87, '學習風格', 'learning style (LS)', 0),
(8, 88, '學習風格', 'learning style (LS)', 0),
(9, 89, '學習風格', 'learning style (LS)', 0),
(10, 90, '學習風格', 'learning style (LS)', 0),
(11, 91, '學習風格', 'learning style (LS)', 0),
(12, 92, '學習風格', 'learning style (LS)', 0),
(13, 93, '學習風格', 'learning style (LS)', 0),
(14, 94, '學習風格', 'learning style (LS)', 0),
(15, 95, '學習風格', 'learning style (LS)', 0),
(16, 96, '學習風格', 'learning style (LS)', 0),
(17, 97, '學習風格', 'learning style (LS)', 0),
(18, 98, '學習風格', 'learning style (LS)', 0),
(19, 99, '學習風格', 'learning style (LS)', 0),
(20, 100, '學習風格', 'learning style (LS)', 0),
(21, 101, '學習風格', 'learning style (LS)', 0),
(22, 102, '學習風格', 'learning style (LS)', 0),
(23, 103, '學習風格', 'learning style (LS)', 0),
(24, 104, '學習風格', 'learning style (LS)', 0),
(25, 105, '學習風格', 'learning style (LS)', 0),
(26, 106, '學習風格', 'learning style (LS)', 0),
(27, 107, '學習風格', 'learning style (LS)', 0),
(28, 108, '學習風格', 'learning style (LS)', 0),
(29, 109, '學習風格', 'learning style (LS)', 0),
(30, 110, '學習風格', 'learning style (LS)', 0),
(31, 111, '學習風格', 'learning style (LS)', 0),
(32, 112, '學習風格', 'learning style (LS)', 0),
(33, 113, '學習風格', 'learning style (LS)', 0),
(34, 114, '學習風格', 'learning style (LS)', 0),
(35, 115, '學習風格', 'learning style (LS)', 0),
(36, 116, '學習風格', 'learning style (LS)', 0),
(37, 117, '學習風格', 'learning style (LS)', 0),
(38, 118, '學習風格', 'learning style (LS)', 0),
(39, 119, '學習風格', 'learning style (LS)', 0),
(40, 120, '學習風格', 'learning style (LS)', 0),
(41, 121, '學習風格', 'learning style (LS)', 0),
(42, 122, '學習風格', 'learning style (LS)', 0),
(43, 123, '學習風格', 'learning style (LS)', 0),
(44, 124, '學習風格', 'learning style (LS)', 0),
(45, 125, '學習風格', 'learning style (LS)', 0),
(46, 126, '學習風格', 'learning style (LS)', 0),
(47, 127, '學習風格', 'learning style (LS)', 0),
(48, 128, '學習風格', 'learning style (LS)', 0),
(49, 129, '學習風格', 'learning style (LS)', 0),
(50, 130, '學習風格', 'learning style (LS)', 0),
(51, 131, '學習風格', 'learning style (LS)', 0),
(52, 132, '學習風格', 'learning style (LS)', 0),
(53, 133, '學習風格', 'learning style (LS)', 0),
(54, 134, '學習風格', 'learning style (LS)', 0),
(70, 135, '其他構面', 'Learning Motivation', 0),
(71, 136, '其他構面', 'Learning Motivation', 0),
(72, 137, '其他構面', 'Learning Motivation', 0),
(73, 138, '其他構面', 'Learning Motivation', 0),
(74, 139, '其他構面', 'Learning Motivation', 0),
(77, 140, '其他構面', 'Learning Motivation', 0),
(78, 141, '其他構面', 'Learning Motivation', 0),
(79, 142, '其他構面', 'Learning Motivation', 0),
(80, 143, '其他構面', 'Learning Motivation', 1),
(81, 144, '其他構面', 'Learning Motivation', 1),
(82, 145, '其他構面', 'Search self-efficacy', 0),
(83, 146, '其他構面', 'Search self-efficacy', 0),
(84, 147, '其他構面', 'Search self-efficacy', 0),
(85, 148, '其他構面', 'Search self-efficacy', 0),
(86, 149, '其他構面', 'Search self-efficacy', 0),
(89, 150, '其他構面', 'Prior Knowledge', 0),
(90, 151, '其他構面', 'Prior Knowledge', 0),
(91, 152, '其他構面', 'Prior Knowledge', 0),
(92, 153, '其他構面', 'Prior Knowledge', 0),
(96, 154, '其他構面', 'Information literacy', 0),
(97, 155, '其他構面', 'Information literacy', 0),
(98, 156, '其他構面', 'Information literacy', 0),
(99, 157, '其他構面', 'Information literacy', 0),
(100, 158, '其他構面', 'Information literacy', 0),
(101, 159, '其他構面', 'Information literacy', 0),
(103, 160, '其他構面', 'Absorptive Capacity (AC)', 0),
(104, 161, '其他構面', 'Absorptive Capacity (AC)', 0),
(105, 162, '其他構面', 'Absorptive Capacity (AC)', 0),
(106, 163, '其他構面', 'Absorptive Capacity (AC)', 0),
(107, 164, '其他構面', 'Absorptive Capacity (AC)', 0),
(110, 165, '其他構面', 'Self-regulation 自我調節\r\n', 0),
(111, 166, '其他構面', 'Self-regulation 自我調節\r\n', 0),
(112, 167, '其他構面', 'Self-regulation 自我調節\r\n', 0),
(113, 168, '其他構面', 'Self-regulation 自我調節\r\n', 0),
(114, 169, '其他構面', 'Self-regulation 自我調節\r\n', 0),
(115, 170, '其他構面', 'Self-regulation 自我調節\r\n', 0),
(116, 171, '其他構面', 'Self-regulation 自我調節\r\n', 0),
(117, 172, '其他構面', 'Self-regulation 自我調節\r\n', 0),
(118, 173, '其他構面', 'Self-regulation 自我調節\r\n', 0),
(119, 174, '其他構面', 'Self-regulation 自我調節\r\n', 0),
(120, 175, '其他構面', 'Self-regulation 自我調節\r\n', 0),
(121, 176, '其他構面', 'Self-regulation 自我調節\r\n', 0),
(125, 177, '其他構面', 'Self-discipline 自律', 0),
(126, 178, '其他構面', 'Self-discipline 自律', 1),
(127, 179, '其他構面', 'Self-discipline 自律', 1),
(128, 180, '其他構面', 'Self-discipline 自律', 1),
(129, 181, '其他構面', 'Self-discipline 自律', 0),
(130, 182, '其他構面', 'Self-discipline 自律', 1),
(131, 183, '其他構面', 'Self-discipline 自律', 0),
(132, 184, '其他構面', 'Self-discipline 自律', 1),
(133, 185, '其他構面', 'Self-discipline 自律', 1),
(134, 186, '其他構面', 'Self-discipline 自律', 0),
(135, 187, '其他構面', 'Self-discipline 自律', 1),
(136, 188, '其他構面', '自主學習', 0),
(137, 189, '其他構面', '自主學習', 0),
(138, 190, '其他構面', '自主學習', 0),
(139, 191, '其他構面', '自主學習', 0),
(143, 192, '其他構面', 'Academic Achievement', 0),
(144, 193, '其他構面', 'Academic Achievement', 0),
(145, 194, '其他構面', 'Academic Achievement', 0);

-- --------------------------------------------------------

--
-- 資料表結構 `question`
--

CREATE TABLE `question` (
  `Qid` int NOT NULL,
  `question` varchar(200) CHARACTER SET utf8mb4 COLLATE utf8mb4_general_ci DEFAULT NULL,
  `Qnid` int DEFAULT NULL
) ENGINE=InnoDB DEFAULT CHARSET=utf8mb4 COLLATE=utf8mb4_general_ci;

--
-- 傾印資料表的資料 `question`
--

INSERT INTO `question` (`Qid`, `question`, `Qnid`) VALUES
(1, '政府應該采取緊急措施來應對海岸侵蝕問題', 1),
(2, '氣候變遷不僅是一個科學概念，更是一個現實的挑戰，直接影響著我們的生活、社會和經濟', 1),
(3, '溫室效應是造成氣候變遷的重要原因之一', 1),
(4, '溫室效應是導致氣候變遷的唯一原因', 1),
(5, '溫室氣體不斷增加所造成的全球暖化現象，其影響有海平面上升、生態系統失衡 及氣候變遷', 1),
(6, '根據平台所提供的內容，「氣候變遷」對健康的衝擊包括哪些方面？', 1),
(7, '綠色和平組織提到，過度依賴煤炭及石油乃問題之本，導致極端天氣、乾旱、氣溫升高、冰川融化及海平面上升。「氣候變遷」對經濟的影響包括哪些方面？', 1),
(8, '哪個國際公約旨在處理人類活動溫室氣體排放與全球氣候變遷危機之關聯性？', 1),
(9, '永續發展的核心理念，下面哪個描述最準確？', 1),
(10, '什麼是「ESG永續發展」的三大要素？', 1),
(11, '「ESG永續發展」為企業帶來了哪些好處？', 1),
(12, '為什麼「ESG永續發展」對企業和社會重要？', 1),
(13, '「氣候行動」的核心是什麼？', 1),
(14, '什麼是「淨零排放」的目標？', 1),
(15, '溫室效應中，當太陽的輻射進入大氣層時，一部分能量被地表吸收並轉化為熱能', 1),
(16, '為了解決碳洩漏的情況，歐盟設立CBAM，制訂進口產品碳含量等規範。請問設立碳關稅後可促進何種改善？', 1),
(17, '「氣候行動」的目標是什麼？', 1),
(18, '「氣候變遷」主要指的是什麼？', 1),
(19, '什麼是「溫室效應」的主要原因？', 1),
(20, '為什麼溫室效應被稱為「溫室效應」？', 1),
(61, '溫室效應中，地表釋放的熱能波長較長，會被溫室氣體阻擋，不容易散失於大氣外，以致地球上的溫度逐年增高。', 2),
(62, '溫室氣體包括哪些呢？', 2),
(63, '「ESG永續發展」不僅僅是企業的道義責任，還是什麼？', 2),
(64, '下列有關永續發展議題敘述何者正確?', 2),
(65, '為促進產業及民眾節能減碳，政府推廣產品碳足跡的概念，請問下列敘述\r\n何者錯誤？\r\n', 2),
(66, '聯合國大會於2015年討論並制定了《2030年永續發展議程（Agenda 2030）》，其中包括詳細列出的17項永續發展目標（Sustainable Development Goals, SDGs）。這些目標包括改善健康和教育、促進經濟成長、保護環境、推動能源發展等，都是全球性問題，需要所有國家攜手解決，請問永續發展的目標包含什麼？', 2),
(67, '溫室效應為一種自然現象，現在由於下列何種原因加速其效應發生時間？', 2),
(68, '下列何者是因為全球暖化使得海水溫度上升所帶來的影響？', 2),
(69, '下列何者是永續發展的理念？', 2),
(70, '碳足跡標章上的數值意義為何？', 2),
(71, '下列何者不是國際溫室氣體減量的施行方向？', 2),
(72, '氣候變遷對台灣的影響何者錯誤？', 2),
(73, '全球暖化及氣候變遷對環境的衝擊影響何者為非？', 2),
(74, '《生物多樣性公約》第15次締約方大會（COP15）通過的《昆明-蒙特婁全球生物多樣性框架》的核心目標是什麼？', 2),
(75, '「科學基礎目標聯盟」（Science Based Targets Network）計畫在2023年上半年發佈的指南將主要關注以下哪些因素？', 2),
(76, '請問依據上述圖表，在「網購包裝減量指引2.0」。中可以看見那些目標？', 2),
(77, '「網購包裝減量指引2.0」在115年期望自有物流或實體門市循環箱（袋）使用率逐年提高至多少以上？', 2),
(78, '塑膠超載日的目的是什麼？', 2),
(79, '報告指出富裕國家的塑膠超載日通常比較晚，因為它們的垃圾處理量能相對足夠。這個敘述是？', 2),
(80, '報告中提到了哪些國家被歸類為「廢棄海綿」（Waste sponges）國家？', 2),
(81, '您的性別：', 3),
(82, '您的年級：', 3),
(83, '您有經常接觸氣候變遷相關資訊？', 3),
(84, '您有經常閱讀氣候變遷相關的書籍或雜誌？', 3),
(85, '您有經常瀏覽氣候變遷相關的網站資訊？', 3),
(86, '您有很多自行上網觀看氣候變遷相關資訊的經驗嗎? ', 3),
(87, '我在學習過程中喜歡調動自己的情感體驗。', 3),
(88, '我在學習過程中喜歡思考。\r\n\r\n', 3),
(89, '我在學習過程中喜歡做中學。\r\n', 3),
(90, '我在學習過程中喜歡看和聽。\r\n', 3),
(91, '我感覺什麼時候學習效果最好：認真聆聽並觀察的時候。\r\n', 3),
(92, '我感覺什麼時候學習效果最好：借助邏輯思考的時候。', 3),
(93, '我感覺什麼時候學習效果最好：相信自己的預感和體驗的時候。\r\n\r\n', 3),
(94, '我感覺什麼時候學習效果最好：努力將事情做完的時候。\r\n', 3),
(95, '我在學習過程中：喜歡推理。\r\n', 3),
(96, '我在學習過程中：認真負責。\r\n', 3),
(97, '我在學習過程中：安靜而沉穩。', 3),
(98, '我在學習過程中：有強烈的情感反應。\r\n', 3),
(99, '我採用什麼方式學習：情感體驗。\r\n', 3),
(100, '我採用什麼方式學習：實踐。\r\n', 3),
(101, '我採用什麼方式學習：觀察 。\r\n', 3),
(102, '我採用什麼方式學習：思考。\r\n', 3),
(103, '我學習的時候：對新的體驗、新經歷採取開放的態度。\r\n', 3),
(104, '我學習的時候：會多方位地觀察問題。\r\n', 3),
(105, '我學習的時候：喜歡分析事物，將整體分解成各部分。\r\n', 3),
(106, '我學習的時候：喜歡試驗。\r\n', 3),
(107, '我在學習的時候：樂於觀察。', 3),
(108, '我在學習的時候：積極活躍。\r\n', 3),
(109, '我在學習的時候：看重直覺。\r\n\r\n', 3),
(110, '我在學習的時候：偏重邏輯思維。\r\n', 3),
(111, '通過什麼途徑我會學得最好：觀察。\r\n', 3),
(112, '通過什麼途徑我會學得最好：人際間互動。', 3),
(113, '通過什麼途徑我會學得最好：合理的理論。\r\n', 3),
(114, '通過什麼途徑我會學得最好：有機會試驗和實踐。\r\n', 3),
(115, '我學習的時候：喜歡看到自己的學習成效。\r\n', 3),
(116, '我學習的時候：喜歡理念和理論。\r\n', 3),
(117, '我學習的時候：傾向行動前做好充足的準備。\r\n', 3),
(118, '我學習的時候：喜歡全身心投入學習。\r\n', 3),
(119, '什麼時候我學得最好：依賴觀察時。\r\n', 3),
(120, '什麼時候我學得最好：憑藉感覺時。\r\n', 3),
(121, '什麼時候我學得最好：自己嘗試做時。\r\n', 3),
(122, '什麼時候我學得最好：思考時。\r\n', 3),
(123, '我在學習中：是個心靜、含蓄的人。\r\n', 3),
(124, '我在學習中：是個樂於接受的人。\r\n', 3),
(125, '我在學習中：是個負責的人。', 3),
(126, '我在學習中：是個理性的人。\r\n', 3),
(127, '我學習時：樂於投入其中。\r\n\r\n', 3),
(128, '我學習時：喜歡觀察。\r\n', 3),
(129, '我學習時：喜歡對事情作評價。\r\n', 3),
(130, '我學習時：樂於積極行動。\r\n', 3),
(131, '什麼時候我可以得到最理想的學習效果：進行思考、分析時。\r\n', 3),
(132, '什麼時候我可以得到最理想的學習效果：樂於接受、思想開放時。\r\n', 3),
(133, '什麼時候我可以得到最理想的學習效果：認真仔細時。\r\n', 3),
(134, '什麼時候我可以得到最理想的學習效果：學以致用時。', 3),
(135, '我比較喜歡能讓我學習到新知識的教材，即使這些教材較難學習。\r\n\r\n', 3),
(136, '如果能選擇的話，我會選擇可以獲得知識的作業，而不管成績高低。\r\n', 3),
(137, '我喜歡老師教一些有挑戰性的內容，這樣我才能學到新東西。\r\n', 3),
(138, '我學習的目的是為了增進自己的能力，而不是想表現給別人看。\r\n', 3),
(139, '在課堂上，我擔心沒有全盤精通我可以學會的內容。', 3),
(140, '我喜歡閱讀氣候變遷的文章。\r\n', 3),
(141, '我以後願意多接觸氣候變遷文章。\r\n', 3),
(142, '我在閱讀氣候變遷文章時會專心地閱讀。\r\n', 3),
(143, '氣候變遷文章對我一點吸引力都沒有。 \r\n', 3),
(144, '要我專心閱讀氣候變遷文章是件困難的事。 \r\n', 3),
(145, '如果我盡力去做的話，我總是能夠在搜尋引擎中找到我想要解決的問題。\r\n', 3),
(146, '在搜尋過程中，對我來說，堅持理想和達成目標是輕而易舉的。\r\n\r\n', 3),
(147, '我有自信能有效地應付任何搜尋的情境。\r\n', 3),
(148, '如果我付出必要的努力，我一定能解決在搜尋知識時遇到大多數的難題。\r\n', 3),
(149, '在搜尋過程中，面對一個難題時，我通常能找到解決方法。', 3),
(150, '我對氣候變遷知識有一定程度的了解。\r\n\r\n', 3),
(151, '我可以明確分辨氣候變遷中專有名詞的意思。\r\n', 3),
(152, '若有朋友需要氣候變遷相關知識，我的知識或經驗可以提供給他有用的建議。\r\n', 3),
(153, '氣候變遷網站中列出相關資訊，我可以分辨資訊的正確性。', 3),
(154, '我覺得我可以有效地獲得生活所需的資訊。\r\n', 3),
(155, '我覺得我有能力評估資訊及批判資訊的來源。\r\n', 3),
(156, '我可以將所看到的資訊，選擇適合的資訊融入個人知識庫中。\r\n', 3),
(157, '我覺得我有能力決定資訊需求的內容。\r\n', 3),
(158, '我覺得我可以有效利用資訊，達成特定的目的。\r\n', 3),
(159, '我覺得我可以瞭解使用資訊所牽涉的經濟、法律、及社會議題，且合理、合法的取得及使用資訊。\r\n', 3),
(160, '我覺得我比其他同學具備更好的專業知識。\r\n', 3),
(161, '覺得在學習過程中，我可以快速且完全取得學習過程所需的新知識。\r\n', 3),
(162, '我覺得我比其他同學更能快速吸收新知識。\r\n', 3),
(163, '我覺得我的學習技巧比其他同學更好。\r\n', 3),
(164, '我覺得我擁有使用及分析整合知識的能力。\r\n', 3),
(165, '課堂中如果不認真學習，我就會遇到麻煩。\r\n', 3),
(166, '我覺得課堂中認真學習，是我該做的事。\r\n', 3),
(167, '課堂中認真學習，因為這樣就不會被老師指責。\r\n', 3),
(168, '我在課堂中會認真學習，因為我想讓老師認為我是個好學生。\r\n', 3),
(169, '課堂中如果不認真學習，我會對自己感覺不好。\r\n', 3),
(170, '課堂中如果不認真學習，我會感到羞恥。\r\n', 3),
(171, '課堂中如果不認真學習，我會很煩惱。\r\n\r\n', 3),
(172, '我在課堂中會認真學習，因為我想了解課堂中教授的主題。\r\n', 3),
(173, '我在課堂中會認真學習，因為我想學習新東西。\r\n', 3),
(174, '我在課堂中會認真學習，因為我認為這很重要。\r\n', 3),
(175, '我在課堂中會認真學習，因為課程內容有趣。\r\n', 3),
(176, '我在課堂中會認真學習，因為我喜歡它。', 3),
(177, '我可以抗拒誘惑。', 3),
(178, '我很難擺脫壞習慣。\r\n', 3),
(179, '我很懶。\r\n', 3),
(180, '我經常會說一些不合時宜的話。', 3),
(181, '我會避免做出對自己有害的事。\r\n', 3),
(182, '我希望自己能更自律一些。\r\n', 3),
(183, '人們說我能嚴格自律．', 3),
(184, '有時我會因為休閒娛樂而無法完成工作。 \r\n', 3),
(185, '我無法集中精力。\r\n', 3),
(186, '我能為了長遠目標而有效率地工作。\r\n', 3),
(187, '做事時，我經常不進行全面考慮就採取行動。', 3),
(188, '我會嘗試利用本課程教材來解決自己對氣候議題的疑惑。\r\n\r\n', 3),
(189, '我會嘗試理解自己在氣候議題上是否有不明白的內容。\r\n', 3),
(190, '我會利用本課程找尋自身能改善氣候相關問題的改善方法。\r\n', 3),
(191, '我會利用本課程來關注氣候議題相關政策與新聞。', 3),
(192, '我覺得我在氣候變遷學習活動中的參與情形良好。\r\n\r\n', 3),
(193, '我覺得我在氣候變遷學習活動中的學習態度良好。\r\n', 3),
(194, '我覺得我在氣候變遷學習活動中表現狀況良好。', 3);

-- --------------------------------------------------------

--
-- 資料表結構 `questionnaire`
--

CREATE TABLE `questionnaire` (
  `Qnid` int NOT NULL,
  `title` varchar(100) CHARACTER SET utf8mb4 COLLATE utf8mb4_general_ci DEFAULT NULL,
  `content` varchar(200) CHARACTER SET utf8mb4 COLLATE utf8mb4_general_ci DEFAULT NULL
) ENGINE=InnoDB DEFAULT CHARSET=utf8mb4 COLLATE=utf8mb4_general_ci;

--
-- 傾印資料表的資料 `questionnaire`
--

INSERT INTO `questionnaire` (`Qnid`, `title`, `content`) VALUES
(1, '前測', NULL),
(2, '後測', NULL),
(3, '課後', NULL);

-- --------------------------------------------------------

--
-- 資料表結構 `questionnaire_to_user`
--

CREATE TABLE `questionnaire_to_user` (
  `id` int NOT NULL,
  `Qnid` int DEFAULT NULL,
  `Uid` int DEFAULT NULL
) ENGINE=InnoDB DEFAULT CHARSET=utf8mb4 COLLATE=utf8mb4_general_ci;

--
-- 傾印資料表的資料 `questionnaire_to_user`
--

INSERT INTO `questionnaire_to_user` (`id`, `Qnid`, `Uid`) VALUES
(1, 1, 1),
(2, 1, 5),
(3, 2, 5),
(4, 1, 6),
(5, 2, 6),
(6, 1, 7),
(7, 2, 7),
(8, 1, 8),
(9, 2, 8),
(10, 1, 9),
(11, 2, 9);

-- --------------------------------------------------------

--
-- 資料表結構 `questiontooption`
--

CREATE TABLE `questiontooption` (
  `id` int NOT NULL,
  `Qid` int DEFAULT NULL,
  `Oid` int DEFAULT NULL
) ENGINE=InnoDB DEFAULT CHARSET=utf8mb4 COLLATE=utf8mb4_general_ci;

--
-- 傾印資料表的資料 `questiontooption`
--

INSERT INTO `questiontooption` (`id`, `Qid`, `Oid`) VALUES
(1, 1, 1),
(2, 1, 2),
(3, 2, 1),
(4, 2, 2),
(5, 3, 1),
(6, 3, 2),
(7, 4, 1),
(8, 4, 2),
(9, 5, 1),
(10, 5, 2),
(11, 6, 3),
(12, 6, 4),
(13, 6, 5),
(14, 6, 6),
(15, 7, 7),
(16, 7, 8),
(17, 7, 9),
(18, 7, 10),
(19, 8, 11),
(20, 8, 12),
(21, 8, 13),
(22, 8, 14),
(23, 9, 15),
(24, 9, 16),
(25, 9, 17),
(26, 9, 18),
(27, 10, 19),
(28, 10, 20),
(29, 10, 21),
(30, 10, 22),
(31, 11, 23),
(32, 11, 24),
(33, 11, 25),
(34, 11, 26),
(35, 12, 27),
(36, 12, 28),
(37, 12, 29),
(38, 12, 30),
(39, 13, 31),
(40, 13, 32),
(41, 13, 33),
(42, 13, 34),
(43, 14, 35),
(44, 14, 36),
(45, 14, 37),
(46, 14, 38),
(47, 15, 1),
(48, 15, 2),
(49, 16, 39),
(50, 16, 40),
(51, 16, 41),
(52, 16, 42),
(53, 17, 43),
(54, 17, 44),
(55, 17, 45),
(56, 17, 46),
(57, 18, 47),
(58, 18, 48),
(59, 18, 49),
(60, 18, 50),
(61, 19, 51),
(62, 19, 52),
(63, 19, 53),
(64, 19, 54),
(65, 20, 55),
(66, 20, 56),
(67, 20, 57),
(68, 20, 58),
(69, 61, 2),
(70, 61, 1),
(71, 62, 61),
(72, 63, 65),
(73, 64, 68),
(74, 65, 72),
(75, 66, 78),
(76, 67, 79),
(77, 68, 83),
(78, 69, 88),
(79, 70, 94),
(80, 71, 95),
(81, 72, 101),
(82, 73, 106),
(83, 74, 108),
(84, 75, 112),
(85, 76, 118),
(86, 77, 122),
(87, 78, 124),
(88, 79, 127),
(89, 80, 129),
(90, 62, 59),
(91, 62, 62),
(92, 62, 60),
(93, 63, 63),
(94, 63, 64),
(95, 63, 66),
(96, 64, 67),
(97, 64, 69),
(98, 64, 70),
(99, 65, 71),
(100, 65, 73),
(101, 65, 74),
(102, 66, 75),
(103, 66, 76),
(104, 66, 77),
(105, 67, 80),
(106, 67, 81),
(107, 67, 82),
(108, 68, 84),
(109, 68, 85),
(110, 68, 86),
(111, 69, 87),
(112, 69, 89),
(113, 69, 90),
(114, 70, 91),
(115, 70, 92),
(116, 70, 93),
(117, 71, 96),
(118, 71, 97),
(119, 71, 98),
(120, 72, 99),
(121, 72, 100),
(122, 72, 102),
(123, 73, 103),
(124, 73, 104),
(125, 73, 105),
(126, 74, 107),
(127, 74, 109),
(128, 74, 110),
(129, 75, 111),
(130, 75, 113),
(131, 75, 114),
(132, 76, 115),
(133, 76, 116),
(134, 76, 117),
(135, 77, 119),
(136, 77, 120),
(137, 77, 121),
(138, 78, 123),
(139, 78, 125),
(140, 78, 126),
(141, 79, 127),
(142, 79, 128),
(143, 80, 130),
(144, 80, 131),
(145, 80, 132),
(146, 87, 147),
(147, 87, 146),
(148, 87, 145),
(149, 87, 144),
(150, 88, 147),
(151, 88, 146),
(152, 88, 145),
(153, 88, 144),
(154, 89, 147),
(155, 89, 146),
(156, 89, 145),
(157, 89, 144),
(158, 90, 147),
(159, 90, 146),
(160, 90, 145),
(161, 90, 144),
(162, 91, 147),
(163, 91, 146),
(164, 91, 145),
(165, 91, 144),
(166, 92, 147),
(167, 92, 146),
(168, 92, 145),
(169, 92, 144),
(170, 93, 147),
(171, 93, 146),
(172, 93, 145),
(173, 93, 144),
(174, 94, 147),
(175, 94, 146),
(176, 94, 145),
(177, 94, 144),
(178, 95, 147),
(179, 95, 146),
(180, 95, 145),
(181, 95, 144),
(182, 96, 147),
(183, 96, 146),
(184, 96, 145),
(185, 96, 144),
(186, 97, 147),
(187, 97, 146),
(188, 97, 145),
(189, 97, 144),
(190, 98, 147),
(191, 98, 146),
(192, 98, 145),
(193, 98, 144),
(194, 99, 147),
(195, 99, 146),
(196, 99, 145),
(197, 99, 144),
(198, 100, 147),
(199, 100, 146),
(200, 100, 145),
(201, 100, 144),
(202, 101, 147),
(203, 101, 146),
(204, 101, 145),
(205, 101, 144),
(206, 102, 147),
(207, 102, 146),
(208, 102, 145),
(209, 102, 144),
(210, 103, 147),
(211, 103, 146),
(212, 103, 145),
(213, 103, 144),
(214, 104, 147),
(215, 104, 146),
(216, 104, 145),
(217, 104, 144),
(218, 105, 147),
(219, 105, 146),
(220, 105, 145),
(221, 105, 144),
(222, 106, 147),
(223, 106, 146),
(224, 106, 145),
(225, 106, 144),
(226, 107, 147),
(227, 107, 146),
(228, 107, 145),
(229, 107, 144),
(230, 108, 147),
(231, 108, 146),
(232, 108, 145),
(233, 108, 144),
(234, 109, 147),
(235, 109, 146),
(236, 109, 145),
(237, 109, 144),
(238, 110, 147),
(239, 110, 146),
(240, 110, 145),
(241, 110, 144),
(242, 111, 147),
(243, 111, 146),
(244, 111, 145),
(245, 111, 144),
(246, 112, 147),
(247, 112, 146),
(248, 112, 145),
(249, 112, 144),
(250, 113, 147),
(251, 113, 146),
(252, 113, 145),
(253, 113, 144),
(254, 114, 147),
(255, 114, 146),
(256, 114, 145),
(257, 114, 144),
(258, 115, 147),
(259, 115, 146),
(260, 115, 145),
(261, 115, 144),
(262, 116, 147),
(263, 116, 146),
(264, 116, 145),
(265, 116, 144),
(266, 117, 147),
(267, 117, 146),
(268, 117, 145),
(269, 117, 144),
(270, 118, 147),
(271, 118, 146),
(272, 118, 145),
(273, 118, 144),
(274, 119, 147),
(275, 119, 146),
(276, 119, 145),
(277, 119, 144),
(278, 120, 147),
(279, 120, 146),
(280, 120, 145),
(281, 120, 144),
(282, 121, 147),
(283, 121, 146),
(284, 121, 145),
(285, 121, 144),
(286, 122, 147),
(287, 122, 146),
(288, 122, 145),
(289, 122, 144),
(290, 123, 147),
(291, 123, 146),
(292, 123, 145),
(293, 123, 144),
(294, 124, 147),
(295, 124, 146),
(296, 124, 145),
(297, 124, 144),
(298, 125, 147),
(299, 125, 146),
(300, 125, 145),
(301, 125, 144),
(302, 126, 147),
(303, 126, 146),
(304, 126, 145),
(305, 126, 144),
(306, 127, 147),
(307, 127, 146),
(308, 127, 145),
(309, 127, 144),
(310, 128, 147),
(311, 128, 146),
(312, 128, 145),
(313, 128, 144),
(314, 129, 147),
(315, 129, 146),
(316, 129, 145),
(317, 129, 144),
(318, 130, 147),
(319, 130, 146),
(320, 130, 145),
(321, 130, 144),
(322, 131, 147),
(323, 131, 146),
(324, 131, 145),
(325, 131, 144),
(326, 132, 147),
(327, 132, 146),
(328, 132, 145),
(329, 132, 144),
(330, 133, 147),
(331, 133, 146),
(332, 133, 145),
(333, 133, 144),
(334, 134, 147),
(335, 134, 146),
(336, 134, 145),
(337, 134, 144),
(401, 81, 133),
(402, 81, 134),
(403, 82, 135),
(404, 82, 136),
(405, 82, 137),
(406, 82, 138),
(407, 82, 139),
(408, 82, 140),
(409, 83, 143),
(410, 83, 142),
(411, 83, 141),
(412, 84, 143),
(413, 84, 142),
(414, 84, 141),
(415, 85, 143),
(416, 85, 142),
(417, 85, 141),
(418, 86, 143),
(419, 86, 142),
(420, 86, 141),
(424, 135, 152),
(425, 135, 151),
(426, 135, 150),
(427, 135, 149),
(428, 135, 148),
(429, 136, 152),
(430, 136, 151),
(431, 136, 150),
(432, 136, 149),
(433, 136, 148),
(434, 137, 152),
(435, 137, 151),
(436, 137, 150),
(437, 137, 149),
(438, 137, 148),
(439, 138, 152),
(440, 138, 151),
(441, 138, 150),
(442, 138, 149),
(443, 138, 148),
(444, 139, 152),
(445, 139, 151),
(446, 139, 150),
(447, 139, 149),
(448, 139, 148),
(449, 140, 152),
(450, 140, 151),
(451, 140, 150),
(452, 140, 149),
(453, 140, 148),
(454, 141, 152),
(455, 141, 151),
(456, 141, 150),
(457, 141, 149),
(458, 141, 148),
(459, 142, 152),
(460, 142, 151),
(461, 142, 150),
(462, 142, 149),
(463, 142, 148),
(464, 143, 152),
(465, 143, 151),
(466, 143, 150),
(467, 143, 149),
(468, 143, 148),
(469, 144, 152),
(470, 144, 151),
(471, 144, 150),
(472, 144, 149),
(473, 144, 148),
(474, 145, 152),
(475, 145, 151),
(476, 145, 150),
(477, 145, 149),
(478, 145, 148),
(479, 146, 152),
(480, 146, 151),
(481, 146, 150),
(482, 146, 149),
(483, 146, 148),
(484, 147, 152),
(485, 147, 151),
(486, 147, 150),
(487, 147, 149),
(488, 147, 148),
(489, 148, 152),
(490, 148, 151),
(491, 148, 150),
(492, 148, 149),
(493, 148, 148),
(494, 149, 152),
(495, 149, 151),
(496, 149, 150),
(497, 149, 149),
(498, 149, 148),
(499, 150, 152),
(500, 150, 151),
(501, 150, 150),
(502, 150, 149),
(503, 150, 148),
(504, 151, 152),
(505, 151, 151),
(506, 151, 150),
(507, 151, 149),
(508, 151, 148),
(509, 152, 152),
(510, 152, 151),
(511, 152, 150),
(512, 152, 149),
(513, 152, 148),
(514, 153, 152),
(515, 153, 151),
(516, 153, 150),
(517, 153, 149),
(518, 153, 148),
(519, 154, 152),
(520, 154, 151),
(521, 154, 150),
(522, 154, 149),
(523, 154, 148),
(524, 155, 152),
(525, 155, 151),
(526, 155, 150),
(527, 155, 149),
(528, 155, 148),
(529, 156, 152),
(530, 156, 151),
(531, 156, 150),
(532, 156, 149),
(533, 156, 148),
(534, 157, 152),
(535, 157, 151),
(536, 157, 150),
(537, 157, 149),
(538, 157, 148),
(539, 158, 152),
(540, 158, 151),
(541, 158, 150),
(542, 158, 149),
(543, 158, 148),
(544, 159, 152),
(545, 159, 151),
(546, 159, 150),
(547, 159, 149),
(548, 159, 148),
(549, 160, 152),
(550, 160, 151),
(551, 160, 150),
(552, 160, 149),
(553, 160, 148),
(554, 161, 152),
(555, 161, 151),
(556, 161, 150),
(557, 161, 149),
(558, 161, 148),
(559, 162, 152),
(560, 162, 151),
(561, 162, 150),
(562, 162, 149),
(563, 162, 148),
(564, 163, 152),
(565, 163, 151),
(566, 163, 150),
(567, 163, 149),
(568, 163, 148),
(569, 164, 152),
(570, 164, 151),
(571, 164, 150),
(572, 164, 149),
(573, 164, 148),
(574, 165, 152),
(575, 165, 151),
(576, 165, 150),
(577, 165, 149),
(578, 165, 148),
(579, 166, 152),
(580, 166, 151),
(581, 166, 150),
(582, 166, 149),
(583, 166, 148),
(584, 167, 152),
(585, 167, 151),
(586, 167, 150),
(587, 167, 149),
(588, 167, 148),
(589, 168, 152),
(590, 168, 151),
(591, 168, 150),
(592, 168, 149),
(593, 168, 148),
(594, 169, 152),
(595, 169, 151),
(596, 169, 150),
(597, 169, 149),
(598, 169, 148),
(599, 170, 152),
(600, 170, 151),
(601, 170, 150),
(602, 170, 149),
(603, 170, 148),
(604, 171, 152),
(605, 171, 151),
(606, 171, 150),
(607, 171, 149),
(608, 171, 148),
(609, 172, 152),
(610, 172, 151),
(611, 172, 150),
(612, 172, 149),
(613, 172, 148),
(614, 173, 152),
(615, 173, 151),
(616, 173, 150),
(617, 173, 149),
(618, 173, 148),
(619, 174, 152),
(620, 174, 151),
(621, 174, 150),
(622, 174, 149),
(623, 174, 148),
(624, 175, 152),
(625, 175, 151),
(626, 175, 150),
(627, 175, 149),
(628, 175, 148),
(629, 176, 152),
(630, 176, 151),
(631, 176, 150),
(632, 176, 149),
(633, 176, 148),
(634, 177, 152),
(635, 177, 151),
(636, 177, 150),
(637, 177, 149),
(638, 177, 148),
(639, 178, 152),
(640, 178, 151),
(641, 178, 150),
(642, 178, 149),
(643, 178, 148),
(644, 179, 152),
(645, 179, 151),
(646, 179, 150),
(647, 179, 149),
(648, 179, 148),
(649, 180, 152),
(650, 180, 151),
(651, 180, 150),
(652, 180, 149),
(653, 180, 148),
(654, 181, 152),
(655, 181, 151),
(656, 181, 150),
(657, 181, 149),
(658, 181, 148),
(659, 182, 152),
(660, 182, 151),
(661, 182, 150),
(662, 182, 149),
(663, 182, 148),
(664, 183, 152),
(665, 183, 151),
(666, 183, 150),
(667, 183, 149),
(668, 183, 148),
(669, 184, 152),
(670, 184, 151),
(671, 184, 150),
(672, 184, 149),
(673, 184, 148),
(674, 185, 152),
(675, 185, 151),
(676, 185, 150),
(677, 185, 149),
(678, 185, 148),
(679, 186, 152),
(680, 186, 151),
(681, 186, 150),
(682, 186, 149),
(683, 186, 148),
(684, 187, 152),
(685, 187, 151),
(686, 187, 150),
(687, 187, 149),
(688, 187, 148),
(689, 188, 152),
(690, 188, 151),
(691, 188, 150),
(692, 188, 149),
(693, 188, 148),
(694, 189, 152),
(695, 189, 151),
(696, 189, 150),
(697, 189, 149),
(698, 189, 148),
(699, 190, 152),
(700, 190, 151),
(701, 190, 150),
(702, 190, 149),
(703, 190, 148),
(704, 191, 152),
(705, 191, 151),
(706, 191, 150),
(707, 191, 149),
(708, 191, 148),
(709, 192, 152),
(710, 192, 151),
(711, 192, 150),
(712, 192, 149),
(713, 192, 148),
(714, 193, 152),
(715, 193, 151),
(716, 193, 150),
(717, 193, 149),
(718, 193, 148),
(719, 194, 152),
(720, 194, 151),
(721, 194, 150),
(722, 194, 149),
(723, 194, 148);

-- --------------------------------------------------------

--
-- 資料表結構 `record`
--

CREATE TABLE `record` (
  `Rid` int NOT NULL,
  `Uid` int DEFAULT NULL,
  `Qid` int DEFAULT NULL,
  `Oid` int DEFAULT NULL
) ENGINE=InnoDB DEFAULT CHARSET=utf8mb4 COLLATE=utf8mb4_general_ci;

-- --------------------------------------------------------

--
-- 資料表結構 `saveqn`
--

CREATE TABLE `saveqn` (
  `id` int NOT NULL,
  `Uid` int DEFAULT NULL,
  `Qnid` int DEFAULT NULL,
  `Qid` int DEFAULT NULL,
  `Oid` int DEFAULT NULL
) ENGINE=InnoDB DEFAULT CHARSET=utf32;

--
-- 傾印資料表的資料 `saveqn`
--

INSERT INTO `saveqn` (`id`, `Uid`, `Qnid`, `Qid`, `Oid`) VALUES
(1, 1, 1, 1, 1),
(2, 1, 1, 2, 1),
(3, 1, 1, 3, 1),
(4, 1, 1, 4, 1),
(5, 1, 1, 5, 1),
(6, 1, 1, 6, 3),
(7, 1, 1, 7, 7),
(8, 1, 1, 8, 14),
(9, 1, 1, 9, 15),
(10, 1, 1, 10, 19),
(11, 1, 1, 11, 24),
(12, 1, 1, 12, 27),
(13, 1, 1, 13, 31),
(14, 1, 1, 14, 35),
(15, 1, 1, 15, 1),
(16, 1, 1, 16, 39),
(17, 1, 1, 17, 44),
(18, 1, 1, 18, 47),
(19, 1, 1, 19, 52),
(20, 1, 1, 20, 55),
(21, 2, 1, 1, 1),
(22, 2, 1, 2, 1),
(23, 2, 1, 3, 1),
(24, 2, 1, 4, 1),
(25, 2, 1, 5, 1),
(26, 2, 1, 6, 3),
(27, 2, 1, 7, 7),
(28, 2, 1, 8, 14),
(29, 2, 1, 9, 15),
(30, 2, 1, 10, 19),
(31, 2, 1, 11, 24),
(32, 2, 1, 12, 27),
(33, 2, 1, 13, 31),
(34, 2, 1, 14, 35),
(35, 2, 1, 15, 1),
(36, 2, 1, 16, 39),
(37, 2, 1, 17, 44),
(38, 2, 1, 18, 47),
(39, 2, 1, 19, 52),
(40, 2, 1, 20, 55),
(41, 3, 1, 1, 1),
(42, 3, 1, 2, 1),
(43, 3, 1, 3, 1),
(44, 3, 1, 4, 1),
(45, 3, 1, 5, 1),
(46, 3, 1, 6, 3),
(47, 3, 1, 7, 7),
(48, 3, 1, 8, 14),
(49, 3, 1, 9, 15),
(50, 3, 1, 10, 19),
(51, 3, 1, 11, 24),
(52, 3, 1, 12, 27),
(53, 3, 1, 13, 31),
(54, 3, 1, 14, 35),
(55, 3, 1, 15, 1),
(56, 3, 1, 16, 39),
(57, 3, 1, 17, 44),
(58, 3, 1, 18, 47),
(59, 3, 1, 19, 52),
(60, 3, 1, 20, 55),
(61, 5, 1, 1, 1),
(62, 5, 1, 2, 1),
(63, 5, 1, 3, 1),
(64, 5, 1, 4, 1),
(65, 5, 1, 5, 1),
(66, 5, 1, 6, 3),
(67, 5, 1, 7, 7),
(68, 5, 1, 8, 14),
(69, 5, 1, 9, 15),
(70, 5, 1, 10, 19),
(71, 5, 1, 11, 24),
(72, 5, 1, 12, 27),
(73, 5, 1, 13, 31),
(74, 5, 1, 14, 35),
(75, 5, 1, 15, 1),
(76, 5, 1, 16, 39),
(77, 5, 1, 17, 44),
(78, 5, 1, 18, 47),
(79, 5, 1, 19, 52),
(80, 5, 1, 20, 55);

-- --------------------------------------------------------

--
-- 資料表結構 `theme`
--

CREATE TABLE `theme` (
  `id` int NOT NULL,
  `Uid` int DEFAULT NULL,
  `Q1` varchar(500) CHARACTER SET utf8mb4 COLLATE utf8mb4_general_ci DEFAULT NULL,
  `Q2` varchar(500) CHARACTER SET utf8mb4 COLLATE utf8mb4_general_ci DEFAULT NULL,
  `Q3` varchar(500) CHARACTER SET utf8mb4 COLLATE utf8mb4_general_ci DEFAULT NULL,
  `Q4` varchar(500) CHARACTER SET utf8mb4 COLLATE utf8mb4_general_ci DEFAULT NULL
) ENGINE=InnoDB DEFAULT CHARSET=utf8mb4 COLLATE=utf8mb4_general_ci;

--
-- 傾印資料表的資料 `theme`
--

INSERT INTO `theme` (`id`, `Uid`, `Q1`, `Q2`, `Q3`, `Q4`) VALUES
(1, 1, 'string', 'string', 'string', 'string');

-- --------------------------------------------------------

--
-- 資料表結構 `trailer`
--

CREATE TABLE `trailer` (
  `id` int NOT NULL,
  `Uid` int DEFAULT NULL,
  `Q1` varchar(500) CHARACTER SET utf8mb4 COLLATE utf8mb4_general_ci DEFAULT NULL,
  `Q2` varchar(500) CHARACTER SET utf8mb4 COLLATE utf8mb4_general_ci DEFAULT NULL,
  `Q3` varchar(500) CHARACTER SET utf8mb4 COLLATE utf8mb4_general_ci DEFAULT NULL,
  `Q4` varchar(500) CHARACTER SET utf8mb4 COLLATE utf8mb4_general_ci DEFAULT NULL,
  `Q5` varchar(500) CHARACTER SET utf8mb4 COLLATE utf8mb4_general_ci DEFAULT NULL,
  `Q6` varchar(500) CHARACTER SET utf8mb4 COLLATE utf8mb4_general_ci DEFAULT NULL
) ENGINE=InnoDB DEFAULT CHARSET=utf8mb4 COLLATE=utf8mb4_general_ci;

--
-- 傾印資料表的資料 `trailer`
--

INSERT INTO `trailer` (`id`, `Uid`, `Q1`, `Q2`, `Q3`, `Q4`, `Q5`, `Q6`) VALUES
(1, 1, 'string', 'string', 'string', 'string', 'string', 'string'),
(2, 1, 'string', 'string', 'string', 'string', 'string', 'string');

-- --------------------------------------------------------

--
-- 資料表結構 `user_info`
--

CREATE TABLE `user_info` (
  `Uid` int NOT NULL,
  `depid` varchar(50) DEFAULT NULL,
  `email` varchar(50) DEFAULT NULL,
  `department` varchar(50) DEFAULT NULL,
  `username` varchar(50) DEFAULT NULL,
  `password` varchar(300) DEFAULT NULL,
  `type` varchar(50) DEFAULT NULL,
  `auth` varchar(50) DEFAULT NULL
) ENGINE=InnoDB DEFAULT CHARSET=utf8mb4 COLLATE=utf8mb4_0900_ai_ci;

--
-- 傾印資料表的資料 `user_info`
--

INSERT INTO `user_info` (`Uid`, `depid`, `email`, `department`, `username`, `password`, `type`, `auth`) VALUES
(1, 'C111156201', 'C111156201@nkust.edu.tw', '智慧商務系', '林煜翔', '$2b$12$H1CN09jleBLCy/2Ytt5W8O1wTwlolu6vNkoVF11VMRb8EaczFcRqC', '詞雲學習', '訪客'),
(2, 'C111156202', 'C111156202@nkust.edu.tw', '智慧商務系', '郭添祐', '$2b$12$rekZfmdHDj9XLU.th234cOIF11sHlprVizZBhVZaSyu6NN307C1ve', '詞雲學習', '訪客'),
(3, 'C111156203', 'C111156203@nkust.edu.tw', '智慧商務系', '趙宜臻', '$2b$12$lVvygDdpG9xEhVJnb2BvSOvOMb.5rMW71wae/DVYPcrGJSfdoKXJG', '詞雲學習', '訪客'),
(4, 'C111156204', 'C111156204@nkust.edu.tw', '智慧商務系', '王弘宇', '$2b$12$KeBsx4QTcw7NWTaxi8HN5O1lC6NlUS76t2ZzzrLjWEM/oGspVrD1q', '詞雲學習', '訪客'),
(5, 'C111156205', 'C111156205@nkust.edu.tw', '智慧商務系', '陳映葭', '$2b$12$yPe3ajZTd7Wr3Dly2Q4SbeA8yaI0UDXh5Is.HTNY5IEg3gCJVpYFm', '詞雲學習', '訪客'),
(6, 'C111156206', 'C111156206@nkust.edu.tw', '智慧商務系', '蔡旻芸', '$2b$12$oXdz6NAokkzsqON6NlEoqun3RJXH4zFf9ScCfLl13uyIlpe/9Nfgu', '詞雲學習', '訪客'),
(7, 'C111156207', 'C111156207@nkust.edu.tw', '智慧商務系', '曾以晴', '$2b$12$JrBas4VJtAyiTvXc92Cs/OhiP/FloEf/yCA8zx4Ut5VUl/sVUd/FC', '詞雲學習', '訪客'),
(8, 'C111156208', 'C111156208@nkust.edu.tw', '智慧商務系', '廖珈瑜', '$2b$12$hBqQg0PZCq.4lzYAmicXL.qteYdkzyeBO6.ywRLcvXKOLZECn6wVe', '詞雲學習', '訪客'),
(9, 'C111156209', 'C111156209@nkust.edu.tw', '智慧商務系', '陳宥諠', '$2b$12$HKizpBKet3NYCbuFXj1lmuniZOpSe6fyPRbmeeXDXf/PXO6d5II0S', '詞雲學習', '訪客'),
(10, 'C111156210', 'C111156210@nkust.edu.tw', '智慧商務系', '曾俊維', '$2b$12$ra1Vj7hCE4H24XuFbDChneQ0bFhAqdbB2HsOSSlqtpitumMVzlRuO', '詞雲學習', '訪客'),
(11, 'C111156212', 'C111156212@nkust.edu.tw', '智慧商務系', '楊蕾', '$2b$12$4UqZlozIVIAjPfhjSFlkIu/DXLby3xSS7YRlV9dBeaHtcqrGPKCGS', '詞雲學習', '訪客'),
(12, 'C111156214', 'C111156214@nkust.edu.tw', '智慧商務系', '戴琨達', '$2b$12$c77HPbrM0ySIQq/g6RRzeOwNTOaaVbUUV5ThbX5hEGcp8DUUu3IDy', '詞雲學習', '訪客'),
(13, 'C111156215', 'C111156215@nkust.edu.tw', '智慧商務系', '莊惠芯', '$2b$12$CsekyQ2eotqQuRRWi/Lbo.iGms6tB3.P9TTzd3JsjOt6ZM/YrF2vO', '詞雲學習', '訪客'),
(14, 'C111156216', 'C111156216@nkust.edu.tw', '智慧商務系', '陳姿庭', '$2b$12$Ms6EG4Dku9WEXAIfHMJZjeV0y7OU57GYx7.1g3xbaYiXMdeTxwdqe', '詞雲學習', '訪客'),
(15, 'C111156217', 'C111156217@nkust.edu.tw', '智慧商務系', '林欣瑜', '$2b$12$/JYs0g3OeMotLG7cqYD//e.nC4YmCRl/3sknRoy2cat5IEutDI16O', '詞雲學習', '訪客'),
(16, 'C111156218', 'C111156218@nkust.edu.tw', '智慧商務系', '劉沛瑜', '$2b$12$o7R8SaZ815bM12GAWqpmT.NiPHUoHvvjSbhXhZhj1fPp5OChyH5Q2', '詞雲學習', '訪客'),
(17, 'C111156219', 'C111156219@nkust.edu.tw', '智慧商務系', '陳煥元', '$2b$12$Zl3zCmpWphRYYMFKMRcE5OI4Lp2fVgUnteHLSx0BtioYGLxzkmtCG', '詞雲學習', '訪客'),
(18, 'C111156220', 'C111156220@nkust.edu.tw', '智慧商務系', '李家秀', '$2b$12$lcaYWQSMvvoz9mZnpa3UT.s2jLdNLntcL3Epmxr0z.85nitlsRvp2', '詞雲學習', '訪客'),
(19, 'C111156221', 'C111156221@nkust.edu.tw', '智慧商務系', '陳筱喬', '$2b$12$d2v46S//hNx3W7RQCRsdluei5Qr1mTknBm7xv71mcfFt4rTkTZDlq', '詞雲學習', '訪客'),
(20, 'C111156222', 'C111156222@nkust.edu.tw', '智慧商務系', '陳楷甯', '$2b$12$m9HJ4z9CCgSnJoHSNNGWUup8i4LUyzTUxifoiBkkEIm4R21Aw./kS', '詞雲學習', '訪客'),
(21, 'C111156223', 'C111156223@nkust.edu.tw', '智慧商務系', '何嘉堃', '$2b$12$ICe0WnU2M.dIcx141W6wveizyml04L2auGK5.BV1BDovOzX7Q9zKS', '詞雲學習', '訪客'),
(22, 'C111156224', 'C111156224@nkust.edu.tw', '智慧商務系', '張竣惟', '$2b$12$g5BaZP5MmZHgk3dw8PUYrehZ4RZXyIILBzBjs9fBpy27gyq3LLgqq', '詞雲學習', '訪客'),
(23, 'C111156225', 'C111156225@nkust.edu.tw', '智慧商務系', '黃煒傑', '$2b$12$2F5EhYPa5eCOz9.6n57fX.o2MIF.AZy.wixgacn1E2Rn/9Op0YXZG', '詞雲學習', '訪客'),
(24, 'C111156226', 'C111156226@nkust.edu.tw', '智慧商務系', '王耀鋐', '$2b$12$Fxyl9ZbvcPacHHePwcndVurH/zZRdMl37h7bb3pCOBz4copzaUczW', '詞雲學習', '訪客'),
(25, 'C111156227', 'C111156227@nkust.edu.tw', '智慧商務系', '張云喬', '$2b$12$id/.1x/sxxwdpD/yjjdm2uvtrbu6Kr1ANqrOarsFeIXPzZDaoMI/2', '詞雲學習', '訪客'),
(26, 'C111156228', 'C111156228@nkust.edu.tw', '智慧商務系', '陳沂翔', '$2b$12$n2hdO9dyJ5l0Si9IFISPzOKslLHB/jsxk48c0Btosv54Jh0LzJ4GK', '詞雲學習', '訪客'),
(27, 'C111156229', 'C111156229@nkust.edu.tw', '智慧商務系', '湯俊彥', '$2b$12$8YzT5YpciOSflbbQILE0JeerIw6NeOdacqmMh8SaxpGkPhSW6l0o6', '詞雲學習', '訪客'),
(28, 'C111156230', 'C111156230@nkust.edu.tw', '智慧商務系', '楊舒涵', '$2b$12$Cn3CF.KIUe/UeuWdqiC1XuZ2F7SztRL8hEYod0aih3hTC4qHbrYOG', '詞雲學習', '訪客'),
(29, 'C111156231', 'C111156231@nkust.edu.tw', '智慧商務系', '蔡適安', '$2b$12$f1KMq9n6VYPnO8KzXvY2N.QY/uEmaaO5Xfpvw1Oz73m5t0dXCyfcu', '詞雲學習', '訪客'),
(30, 'C111156232', 'C111156232@nkust.edu.tw', '智慧商務系', '林瑞紘', '$2b$12$6y2yFQX7RxriOAjMTK0rd.i4ExkME0kH57JyP2JCA4VDXi8j/WJE6', '詞雲學習', '訪客'),
(31, 'C111156233', 'C111156233@nkust.edu.tw', '智慧商務系', '曾義翔', '$2b$12$2XcG0igsEijrpAiyloyCG.c.iYF85utoePtejITc9cu9qPRhKAore', '詞雲學習', '訪客'),
(32, 'C111156234', 'C111156234@nkust.edu.tw', '智慧商務系', '范綱展', '$2b$12$yMlQjKILqWqy0arR1xdlN.OrmR/t/GJ.ky.G/fHLFDOHCyP4K0gDe', '詞雲學習', '訪客'),
(33, 'C111156235', 'C111156235@nkust.edu.tw', '智慧商務系', '方緯淇', '$2b$12$Ssn6FHf1B74IlvMhUJPtWeDMH5s9a09awU3yzf9SE14PHocqNc6/y', '詞雲學習', '訪客'),
(34, 'C111156236', 'C111156236@nkust.edu.tw', '智慧商務系', '李依撰', '$2b$12$vZYejPsv1M.OJFcv5GQTMebt9OD/ZTU/h/moeQajlwc6Kwc5XF/r2', '詞雲學習', '訪客'),
(35, 'C111156237', 'C111156237@nkust.edu.tw', '智慧商務系', '賴威哲', '$2b$12$RzXb6TsNHaVrk6S4dQEGUOtLCfbrz0LvRuu0gFl1ODbq8wnjJQ2nG', '詞雲學習', '訪客'),
(36, 'C111156238', 'C111156238@nkust.edu.tw', '智慧商務系', '楊宇杰', '$2b$12$4seg1nJELyoPO2LyQ2uQ1O24/PSU/hG71QjiyAJdcBBVpB57SovHq', '詞雲學習', '訪客'),
(37, 'C111156239', 'C111156239@nkust.edu.tw', '智慧商務系', '吳宗諭', '$2b$12$xXAL.FPLXUvu0PQzlHaQ2ezd4WOheahTuPvwMLcEWUWPkNZyDklHS', '詞雲學習', '訪客'),
(38, 'C111156240', 'C111156240@nkust.edu.tw', '智慧商務系', '劉育成', '$2b$12$GvaTNYvwe0A5vF1zE.okNeHAEQr.3xT3AKHwZrDMTmkHHWM/9Y0Q2', '詞雲學習', '訪客'),
(39, 'C111156241', 'C111156241@nkust.edu.tw', '智慧商務系', '張堃原', '$2b$12$X8saDPjuGqhshwDXAs/9F.7LGZXkmb21SodtFFIUZWtiif/Q7Gtz6', '詞雲學習', '訪客'),
(40, 'C111156242', 'C111156242@nkust.edu.tw', '智慧商務系', '李翊瑄', '$2b$12$qqvPa0fwft6ISp4QQ/Z/uOHR6kDkAwgFbKucuU5fAQaAiqXM.TuMy', '詞雲學習', '訪客'),
(41, 'C111156243', 'C111156243@nkust.edu.tw', '智慧商務系', '林哲偉', '$2b$12$QGlw1e4Rzc9mYKFMaGjRuO7ExhLSM9/tUtdRrDOBfXJCrIorlBuf6', '詞雲學習', '訪客'),
(42, 'C111156244', 'C111156244@nkust.edu.tw', '智慧商務系', '陳巧珊', '$2b$12$yebIu2PAB7PGsgU/5cz.8uCTePbUhXvlKyIxuLJOUSsYqdqeVOCK.', '詞雲學習', '訪客'),
(43, 'C111156245', 'C111156245@nkust.edu.tw', '智慧商務系', '許可正', '$2b$12$eTdmUiwknNp.eWArlNKD/uuhFxEjR7zpF6qVYsCbZvPx5kuGdSwQO', '詞雲學習', '訪客'),
(44, 'C109156116', 'C109156116@nkust.edu.tw', '智慧商務系', '陳俞安', '$2b$12$XYTjIdI7/.LI1HuakCeI2ufVQ3Aybo598hjLwdKypcpOoVRrzc1r2', '詞雲學習', '訪客'),
(45, 'C110156106', 'C110156106@nkust.edu.tw', '智慧商務系', '董宜達', '$2b$12$N8cJRz2oF0CVQBGAIJL2meZqKlCSphSpDzlxT3OO4wZmZvNzL7wI.', '詞雲學習', '訪客'),
(46, 'C110156112', 'C110156112@nkust.edu.tw', '智慧商務系', '顏永宸', '$2b$12$uCVpiUCrpJ3iRP/Srqtqx.gDy3QIb3FgtGr9nolILTIYIVADlAc1q', '詞雲學習', '訪客'),
(47, 'C110198120', 'C110198120@nkust.edu.tw', '智慧商務系', '廖祥銓', '$2b$12$EsyP/bqlLT8czKRdnKfgv.rcw2WI3SOPv2wiD4elWAoAJAGB9YwzC', '詞雲學習', '訪客'),
(48, 'C110156221', 'C110156221@nkust.edu.tw', '智慧商務系', '林冠亨', '$2b$12$/bfdYstiwrosODc9BvmI5ObKqtElzl5Dt7dviE8aOvUL/1.Mj6m7m', '詞雲學習', '訪客'),
(49, 'C110156282', 'C110156282@nkust.edu.tw', '智慧商務系', '徐筱芩', '$2b$12$1OPor6V/7Rw0e.9w6VeemOLsIAGnwsmyBoXcPmKan/4A2Ydzj95Su', '詞雲學習', '訪客'),
(50, 'C110156283', 'C110156283@nkust.edu.tw', '智慧商務系', '許誼蘋', '$2b$12$mYmsLZmbnliCYHXx80pRHum3mkaMB/1hS.iaDnLnVggUGDLuOjoqO', '詞雲學習', '訪客'),
(51, 'F112156128', 'F112156128@nkust.edu.tw', '智慧商務系', '黃見宇', '$2b$12$JMU9zT.mrKvtg0Oj3nURqOpZiqf42c21/1.h3UPxF6K/3coWjx.cG', '詞雲學習', '訪客'),
(52, 'C110196129', 'C110196129@nkust.edu.tw', '智慧商務系', '曹嘉凌', '$2b$12$GJNtw4hweoBOvOKX0f29gORlQHmXl/wLSouDysuDVl1kQ6OCvJu6C', '詞雲學習', '訪客');

-- --------------------------------------------------------

--
-- 資料表結構 `wordcloud`
--

CREATE TABLE `wordcloud` (
  `id` int NOT NULL,
  `Uid` int DEFAULT NULL,
  `Q1` varchar(500) DEFAULT NULL,
  `Q2` varchar(500) DEFAULT NULL,
  `Q3` varchar(500) DEFAULT NULL,
  `Q4` varchar(500) DEFAULT NULL
) ENGINE=InnoDB DEFAULT CHARSET=utf32;

--
-- 傾印資料表的資料 `wordcloud`
--

INSERT INTO `wordcloud` (`id`, `Uid`, `Q1`, `Q2`, `Q3`, `Q4`) VALUES
(1, 5, 'string', 'string', 'string', 'string'),
(2, 7, 'string', 'string', 'string', 'string');

--
-- 已傾印資料表的索引
--

--
-- 資料表索引 `correct`
--
ALTER TABLE `correct`
  ADD PRIMARY KEY (`id`),
  ADD KEY `Qnid` (`Qnid`),
  ADD KEY `Qid` (`Qid`),
  ADD KEY `Oid` (`Oid`),
  ADD KEY `ix_correct_id` (`id`);

--
-- 資料表索引 `news`
--
ALTER TABLE `news`
  ADD PRIMARY KEY (`id`),
  ADD KEY `Uid` (`Uid`),
  ADD KEY `ix_news_id` (`id`);

--
-- 資料表索引 `options`
--
ALTER TABLE `options`
  ADD PRIMARY KEY (`Oid`),
  ADD KEY `ix_options_Oid` (`Oid`);

--
-- 資料表索引 `qtype`
--
ALTER TABLE `qtype`
  ADD PRIMARY KEY (`id`),
  ADD KEY `Qid` (`Qid`),
  ADD KEY `ix_qtype_id` (`id`);

--
-- 資料表索引 `question`
--
ALTER TABLE `question`
  ADD PRIMARY KEY (`Qid`),
  ADD KEY `Qnid` (`Qnid`),
  ADD KEY `ix_question_Qid` (`Qid`);

--
-- 資料表索引 `questionnaire`
--
ALTER TABLE `questionnaire`
  ADD PRIMARY KEY (`Qnid`),
  ADD KEY `ix_questionnaire_Qnid` (`Qnid`);

--
-- 資料表索引 `questionnaire_to_user`
--
ALTER TABLE `questionnaire_to_user`
  ADD PRIMARY KEY (`id`),
  ADD KEY `Qnid` (`Qnid`),
  ADD KEY `Uid` (`Uid`),
  ADD KEY `ix_questionnaire_to_user_id` (`id`);

--
-- 資料表索引 `questiontooption`
--
ALTER TABLE `questiontooption`
  ADD PRIMARY KEY (`id`),
  ADD KEY `Qid` (`Qid`),
  ADD KEY `Oid` (`Oid`),
  ADD KEY `ix_questiontooption_id` (`id`);

--
-- 資料表索引 `record`
--
ALTER TABLE `record`
  ADD PRIMARY KEY (`Rid`),
  ADD KEY `Uid` (`Uid`),
  ADD KEY `Qid` (`Qid`),
  ADD KEY `Oid` (`Oid`),
  ADD KEY `ix_record_Rid` (`Rid`);

--
-- 資料表索引 `saveqn`
--
ALTER TABLE `saveqn`
  ADD PRIMARY KEY (`id`),
  ADD KEY `Uid` (`Uid`),
  ADD KEY `Qnid` (`Qnid`),
  ADD KEY `Qid` (`Qid`),
  ADD KEY `Oid` (`Oid`),
  ADD KEY `ix_saveqn_id` (`id`);

--
-- 資料表索引 `theme`
--
ALTER TABLE `theme`
  ADD PRIMARY KEY (`id`),
  ADD KEY `Uid` (`Uid`),
  ADD KEY `ix_theme_id` (`id`);

--
-- 資料表索引 `trailer`
--
ALTER TABLE `trailer`
  ADD PRIMARY KEY (`id`),
  ADD KEY `Uid` (`Uid`),
  ADD KEY `ix_trailer_id` (`id`);

--
-- 資料表索引 `user_info`
--
ALTER TABLE `user_info`
  ADD PRIMARY KEY (`Uid`),
  ADD UNIQUE KEY `email` (`email`),
  ADD KEY `ix_user_info_Uid` (`Uid`);

--
-- 資料表索引 `wordcloud`
--
ALTER TABLE `wordcloud`
  ADD PRIMARY KEY (`id`),
  ADD KEY `Uid` (`Uid`),
  ADD KEY `ix_wordcloud_id` (`id`);

--
-- 在傾印的資料表使用自動遞增(AUTO_INCREMENT)
--

--
-- 使用資料表自動遞增(AUTO_INCREMENT) `correct`
--
ALTER TABLE `correct`
  MODIFY `id` int NOT NULL AUTO_INCREMENT, AUTO_INCREMENT=41;

--
-- 使用資料表自動遞增(AUTO_INCREMENT) `news`
--
ALTER TABLE `news`
  MODIFY `id` int NOT NULL AUTO_INCREMENT, AUTO_INCREMENT=2;

--
-- 使用資料表自動遞增(AUTO_INCREMENT) `options`
--
ALTER TABLE `options`
  MODIFY `Oid` int NOT NULL AUTO_INCREMENT, AUTO_INCREMENT=153;

--
-- 使用資料表自動遞增(AUTO_INCREMENT) `qtype`
--
ALTER TABLE `qtype`
  MODIFY `id` int NOT NULL AUTO_INCREMENT, AUTO_INCREMENT=146;

--
-- 使用資料表自動遞增(AUTO_INCREMENT) `question`
--
ALTER TABLE `question`
  MODIFY `Qid` int NOT NULL AUTO_INCREMENT, AUTO_INCREMENT=195;

--
-- 使用資料表自動遞增(AUTO_INCREMENT) `questionnaire`
--
ALTER TABLE `questionnaire`
  MODIFY `Qnid` int NOT NULL AUTO_INCREMENT, AUTO_INCREMENT=4;

--
-- 使用資料表自動遞增(AUTO_INCREMENT) `questionnaire_to_user`
--
ALTER TABLE `questionnaire_to_user`
  MODIFY `id` int NOT NULL AUTO_INCREMENT, AUTO_INCREMENT=12;

--
-- 使用資料表自動遞增(AUTO_INCREMENT) `questiontooption`
--
ALTER TABLE `questiontooption`
  MODIFY `id` int NOT NULL AUTO_INCREMENT, AUTO_INCREMENT=935;

--
-- 使用資料表自動遞增(AUTO_INCREMENT) `record`
--
ALTER TABLE `record`
  MODIFY `Rid` int NOT NULL AUTO_INCREMENT;

--
-- 使用資料表自動遞增(AUTO_INCREMENT) `saveqn`
--
ALTER TABLE `saveqn`
  MODIFY `id` int NOT NULL AUTO_INCREMENT, AUTO_INCREMENT=81;

--
-- 使用資料表自動遞增(AUTO_INCREMENT) `theme`
--
ALTER TABLE `theme`
  MODIFY `id` int NOT NULL AUTO_INCREMENT, AUTO_INCREMENT=2;

--
-- 使用資料表自動遞增(AUTO_INCREMENT) `trailer`
--
ALTER TABLE `trailer`
  MODIFY `id` int NOT NULL AUTO_INCREMENT, AUTO_INCREMENT=3;

--
-- 使用資料表自動遞增(AUTO_INCREMENT) `user_info`
--
ALTER TABLE `user_info`
  MODIFY `Uid` int NOT NULL AUTO_INCREMENT, AUTO_INCREMENT=53;

--
-- 使用資料表自動遞增(AUTO_INCREMENT) `wordcloud`
--
ALTER TABLE `wordcloud`
  MODIFY `id` int NOT NULL AUTO_INCREMENT, AUTO_INCREMENT=3;

--
-- 已傾印資料表的限制式
--

--
-- 資料表的限制式 `correct`
--
ALTER TABLE `correct`
  ADD CONSTRAINT `correct_ibfk_1` FOREIGN KEY (`Qnid`) REFERENCES `questionnaire` (`Qnid`),
  ADD CONSTRAINT `correct_ibfk_2` FOREIGN KEY (`Qid`) REFERENCES `question` (`Qid`),
  ADD CONSTRAINT `correct_ibfk_3` FOREIGN KEY (`Oid`) REFERENCES `options` (`Oid`);

--
-- 資料表的限制式 `news`
--
ALTER TABLE `news`
  ADD CONSTRAINT `news_ibfk_1` FOREIGN KEY (`Uid`) REFERENCES `user_info` (`Uid`);

--
-- 資料表的限制式 `qtype`
--
ALTER TABLE `qtype`
  ADD CONSTRAINT `qtype_ibfk_1` FOREIGN KEY (`Qid`) REFERENCES `question` (`Qid`);

--
-- 資料表的限制式 `question`
--
ALTER TABLE `question`
  ADD CONSTRAINT `question_ibfk_1` FOREIGN KEY (`Qnid`) REFERENCES `questionnaire` (`Qnid`);

--
-- 資料表的限制式 `questionnaire_to_user`
--
ALTER TABLE `questionnaire_to_user`
  ADD CONSTRAINT `questionnaire_to_user_ibfk_1` FOREIGN KEY (`Qnid`) REFERENCES `questionnaire` (`Qnid`),
  ADD CONSTRAINT `questionnaire_to_user_ibfk_2` FOREIGN KEY (`Uid`) REFERENCES `user_info` (`Uid`);

--
-- 資料表的限制式 `questiontooption`
--
ALTER TABLE `questiontooption`
  ADD CONSTRAINT `questiontooption_ibfk_1` FOREIGN KEY (`Qid`) REFERENCES `question` (`Qid`),
  ADD CONSTRAINT `questiontooption_ibfk_2` FOREIGN KEY (`Oid`) REFERENCES `options` (`Oid`);

--
-- 資料表的限制式 `record`
--
ALTER TABLE `record`
  ADD CONSTRAINT `record_ibfk_1` FOREIGN KEY (`Uid`) REFERENCES `user_info` (`Uid`),
  ADD CONSTRAINT `record_ibfk_2` FOREIGN KEY (`Qid`) REFERENCES `question` (`Qid`),
  ADD CONSTRAINT `record_ibfk_3` FOREIGN KEY (`Oid`) REFERENCES `options` (`Oid`);

--
-- 資料表的限制式 `saveqn`
--
ALTER TABLE `saveqn`
  ADD CONSTRAINT `saveqn_ibfk_1` FOREIGN KEY (`Uid`) REFERENCES `user_info` (`Uid`),
  ADD CONSTRAINT `saveqn_ibfk_2` FOREIGN KEY (`Qnid`) REFERENCES `questionnaire` (`Qnid`),
  ADD CONSTRAINT `saveqn_ibfk_3` FOREIGN KEY (`Qid`) REFERENCES `question` (`Qid`),
  ADD CONSTRAINT `saveqn_ibfk_4` FOREIGN KEY (`Oid`) REFERENCES `options` (`Oid`);

--
-- 資料表的限制式 `theme`
--
ALTER TABLE `theme`
  ADD CONSTRAINT `theme_ibfk_1` FOREIGN KEY (`Uid`) REFERENCES `user_info` (`Uid`);

--
-- 資料表的限制式 `trailer`
--
ALTER TABLE `trailer`
  ADD CONSTRAINT `trailer_ibfk_1` FOREIGN KEY (`Uid`) REFERENCES `user_info` (`Uid`);

--
-- 資料表的限制式 `wordcloud`
--
ALTER TABLE `wordcloud`
  ADD CONSTRAINT `wordcloud_ibfk_1` FOREIGN KEY (`Uid`) REFERENCES `user_info` (`Uid`);
COMMIT;

/*!40101 SET CHARACTER_SET_CLIENT=@OLD_CHARACTER_SET_CLIENT */;
/*!40101 SET CHARACTER_SET_RESULTS=@OLD_CHARACTER_SET_RESULTS */;
/*!40101 SET COLLATION_CONNECTION=@OLD_COLLATION_CONNECTION */;
